id,asset_id,projet_id,projet,technologie,cod,mw,taux_succès,puissance_installée,eoh,date_merchant,date_dementelement,repowering,date_msi,en_planif,p50,p90
1,1,ALBE,Ally Bessadous,éolien,2005-12-25 00:00:00,8.7,1,8.7,1715.38464,2020-12-24 00:00:00,2028-06-30 00:00:00,Oui,2028-12-31 00:00:00,FALSE,18896.83154,17230.29482
2,2,ALME,Ally Mercoeur,éolien,2005-12-25 00:00:00,5.74,1,5.74,1715.38464,2020-12-25 00:00:00,2028-06-30 00:00:00,,2028-12-31 00:00:00,FALSE,12584.12227,11474.31179
3,3,ALMO,Ally Monteil,éolien,2005-12-25 00:00:00,7.46,1,7.46,1715.38464,2020-12-26 00:00:00,2028-06-30 00:00:00,,2028-12-31 00:00:00,FALSE,16344.52863,14903.08291
4,4,ALVE,Ally Verseilles,éolien,2005-12-25 00:00:00,9.03,1,9.03,1715.38464,2020-12-27 00:00:00,2028-06-30 00:00:00,,2028-12-31 00:00:00,FALSE,19786.21969,18041.24665
5,5,ART1,Artois 1,éolien,2017-11-21 00:00:00,13.1,1,13.1,2607.1861,2032-11-20 00:00:00,,,,FALSE,34453.91428,32288.47536
6,6,ART2,Artois 2,éolien,2017-11-21 00:00:00,10,1,10,2607.1861,2032-11-20 00:00:00,,,,FALSE,24707.3825,23154.51605
7,7,AVI1,Avignonet,éolien,2002-11-01 00:00:00,8,1,8,2125,2017-10-31 00:00:00,,Non,,FALSE,17000,15800
8,8,AVI2,Avignonet II,éolien,2008-12-29 00:00:00,4.6,1,4.6,2304.34783,2023-12-28 00:00:00,,Non,,FALSE,10600,9800
9,9,BTN1,Basse Thiérache Nord 1 ,éolien,2019-02-01 00:00:00,12.8,1,12.8,2681.81818,2034-01-31 00:00:00,,,,FALSE,30171.75715,26934.44105
10,10,BTN2,Basse Thiérache Nord 2,éolien,2019-02-01 00:00:00,7,1,7,2681.81818,2034-01-31 00:00:00,,,,FALSE,15386.5663,13735.64558
11,11,BASS,Bassigny,éolien,2009-01-12 00:00:00,12,1,12,1710,2024-01-11 00:00:00,,Non,,FALSE,20745.053,19335.19503
12,12,BAZO,Bazougeais,éolien,2021-05-01 00:00:00,12,1,12,2658.33333,2041-04-30 00:00:00,,,,FALSE,32210.81159,28196.69829
13,13,PBBF,Blanches Fosses PBF ,éolien,2020-11-01 00:00:00,11,1,11,2782.18182,2040-10-31 00:00:00,,,,FALSE,30321.38969,26955.46392
14,14,GO01,Bois des Fontaines (BDF),éolien,2022-09-01 00:00:00,25.2,1,20.16,2055.52381,2042-08-31 00:00:00,,,,FALSE,55600,47000
15,15,BSLL,Boralex Solaire Lauragais SAS,solaire,2011-06-15 00:00:00,4.5,1,4.5,1334.57778,2031-06-14 00:00:00,,,,FALSE,5891.0544,5686.3728
16,16,BSLC,Boralex Solaire Les Cigalettes SAS (Montfort),solaire,2015-09-29 00:00:00,9.8,1,9.8,1556.55102,2035-09-28 00:00:00,,,,FALSE,14962.6224,14247.2304
17,17,CALM,Calmont (Laur Eole Energie ),éolien,2015-12-06 00:00:00,14.35,1,14.35,2334.49484,2030-12-05 00:00:00,,,,FALSE,33264.32161,30484.0201
18,18,CHL2,Cham Longe II,éolien,2010-02-01 00:00:00,4.6,1,4.6,2652.1737,2025-01-31 00:00:00,2025-06-30 00:00:00,Oui,2025-12-31 00:00:00,FALSE,12329.10053,11520.63492
19,19,CLRE,Cham Longe Repowering,éolien,2021-01-01 00:00:00,35.35,1,35.35,2746.81754,2040-12-31 00:00:00,,,,FALSE,97100,87000
20,20,CHAR,Charmoy,éolien,2011-07-08 00:00:00,10,1,10,2344.0001,2026-07-07 00:00:00,,,,FALSE,23058.27731,21474.8763
21,21,CHMA,Chasse Marée,éolien,2010-10-01 00:00:00,9.2,1,9.2,2130.43467,2025-09-30 00:00:00,2026-06-30 00:00:00,Oui,2026-12-31 00:00:00,FALSE,19600,18000
22,22,CHDG,Chemin de Grès,éolien,2017-12-06 00:00:00,29.7,1,29.7,2424.00673,2032-12-05 00:00:00,,,,FALSE,75261.78974,69146.05529
23,23,CHEP,Chépy,éolien,2003-11-11 00:00:00,4,1,4,1475,2018-11-10 00:00:00,,Non,,FALSE,5955.80678,5467.6259
24,24,COCO,Coat Conval,éolien,2008-02-29 00:00:00,8.1,1,8.1,1148.14827,2023-02-27 00:00:00,,Non,,FALSE,9300,8700
25,25,CDAR,Comes de l'Arce,éolien,2015-03-27 00:00:00,10,1,10,2545,2030-03-26 00:00:00,,,,FALSE,24211.96482,22393.67497
26,26,COBL,Coteaux du Blaiseron,éolien,2018-11-09 00:00:00,25.6,1,25.6,1852.40759,2033-11-08 00:00:00,,,,FALSE,25772.07008,23089.50947
27,27,COCL,Coulonges (CL),éolien,2011-07-01 00:00:00,12,1,12,2127.77778,2026-06-30 00:00:00,,,,FALSE,26977.70387,24829.34887
28,28,COCP,Coulonges (CP),éolien,2011-07-01 00:00:00,11,1,11,2127.77778,2026-06-30 00:00:00,,,,FALSE,24838.87715,22860.84646
29,29,CONT,Coulonges (NT),éolien,2011-07-01 00:00:00,11,1,11,2127.77778,2026-06-30 00:00:00,,,,FALSE,25422.25963,23397.77159
30,30,ECO3,Extension plaine d'Escrebieux (XPE),éolien,2021-09-01 00:00:00,13.8,1,13.8,2905.7971,2041-08-31 00:00:00,,,,FALSE,40222.76289,34370.72165
31,31,ESDB,Extension seuil de Bapaume (XSB),éolien,2020-12-01 00:00:00,17.25,1,17.25,2649.27536,2040-11-30 00:00:00,,,,FALSE,44101.66439,37441.00112
32,32,FIER,Fierville,éolien,2009-06-02 00:00:00,8,1,8,2164.99987,2024-06-01 00:00:00,2026-06-30 00:00:00,Oui,2026-12-31 00:00:00,FALSE,17502.5261,16179.66075
33,33,FOPL,Fond de la Plaine,éolien,2007-10-04 00:00:00,4,1,4,2257.5,2022-10-03 00:00:00,2025-06-30 00:00:00,Oui,2025-12-31 00:00:00,FALSE,9073.50315,8266.96954
34,34,FOR1,Fortel 1,éolien,2014-11-15 00:00:00,11.4,1,11.4,2372.80702,2029-11-14 00:00:00,,,,FALSE,26564.50172,24502.1929
35,35,FOR2,Fortel 2,éolien,2014-10-15 00:00:00,11.4,1,11.4,2372.80702,2029-10-14 00:00:00,,,,FALSE,27914.20733,25747.11545
36,36,HDCO,Haut de Comble (HC),éolien,2018-11-05 00:00:00,19.8,1,19.8,3331.31308,2033-11-04 00:00:00,,,,FALSE,52144.85475,47342.78351
37,37,HDC1,Haut de Conge 1,éolien,2010-08-02 00:00:00,9.3,1,9.3,1757.14286,2025-08-01 00:00:00,,PE,,FALSE,20443.67662,18864.69346
38,38,HDC2,Haut de Conge 2,éolien,2013-04-17 00:00:00,3,1,3,1757.14286,2028-04-16 00:00:00,,,,FALSE,6444.73885,5946.97446
39,39,HDC3,Haut de Conge 3,éolien,2010-08-02 00:00:00,9.3,1,9.3,1757.14286,2025-08-01 00:00:00,,,,FALSE,20579.74454,18990.25207
40,40,IDBO,Inter deux bos (MET),éolien,2018-09-24 00:00:00,33,1,33,2792.42427,2033-09-23 00:00:00,,,,FALSE,74446.21153,67345.36082
41,41,LACI,La Citadelle,éolien,2007-07-15 00:00:00,13.8,1,13.8,2144.92746,2022-07-14 00:00:00,2026-06-30 00:00:00,Oui,2026-12-31 00:00:00,FALSE,29661.47456,27456.9055
42,42,ECO1,La Grande Borne (LGB),éolien,2021-12-01 00:00:00,8.8,1,8.8,2544.31818,2041-11-30 00:00:00,,,,FALSE,24437.40314,21318.11887
43,43,CATE,Le Catésis (CAT),éolien,2019-06-01 00:00:00,10,1,10,3280.0002,2039-05-31 00:00:00,,,,FALSE,33534.78911,30767.97309
44,44,LGCA,Le Grand Camp,éolien,2010-10-01 00:00:00,10,1,10,2439.9999,2025-09-30 00:00:00,2026-06-30 00:00:00,Oui,2026-12-31 00:00:00,FALSE,24365.2581,22600
45,45,LEPE,Le Pelon,éolien,2019-01-01 00:00:00,10,1,10,2870,2033-12-31 00:00:00,,,,FALSE,26768.6226,23963.44427
46,46,LEAG,Leign ar Gasprenn,éolien,2008-12-31 00:00:00,8,1,8,1775.00012,2023-12-30 00:00:00,,Non,,FALSE,14200,13300
47,47,LCLE,Les Clérimois,éolien,2011-03-21 00:00:00,8,1,8,1904.99987,2026-03-20 00:00:00,2027-06-30 00:00:00,Oui,2027-12-31 00:00:00,FALSE,15412.61719,14289.84375
48,48,LEPA,Les Eparmonts,éolien,2008-12-31 00:00:00,12,1,12,1669.16667,2023-12-30 00:00:00,2024-06-30 00:00:00,Repowering prêt mais en cours d'optimisation,2024-12-31 00:00:00,FALSE,19938.33505,18642.34327
49,49,LMDB,Les Moulins de Boulay,éolien,2007-12-02 00:00:00,10,1,10,1697.9999,2022-12-01 00:00:00,2024-06-30 00:00:00,Oui,2024-12-31 00:00:00,FALSE,16848.42149,15644.96281
50,50,MELC,Ménétréols Les chênes (La vallée 3),éolien,2013-12-02 00:00:00,4.4,1,4.4,1982.812438,2028-12-01 00:00:00,,,,FALSE,9844.35565,9138.61527
51,51,MELI,Ménétréols Lizeray (La vallée 4),éolien,2013-12-02 00:00:00,3.5,1,3.5,1982.812438,2028-12-01 00:00:00,,,,FALSE,7831.09782,7269.68759
52,52,MERE,Ménétréols Renardiére (La vallée 2),éolien,2013-12-02 00:00:00,17.5,1,17.5,1982.812438,2022-06-30 00:00:00,2022-06-30 00:00:00,,2022-12-31 00:00:00,FALSE,38492.04365,35732.5548
53,53,MDB1,Monts de Bagny 1,éolien,2017-08-01 00:00:00,14.8,1,14.8,2805.41667,2032-07-31 00:00:00,,,,FALSE,32496.04709,30235.52886
54,54,MDB2,Monts de Bagny 2,éolien,2017-08-02 00:00:00,15.1,1,15.1,2805.41667,2032-07-31 00:00:00,,,,FALSE,33074.21359,30773.47644
55,55,MORL,Morlange,éolien,2016-12-01 00:00:00,9.6,1,9.6,2006.2499,2031-11-30 00:00:00,,,,FALSE,20734.71857,19168.41545
56,56,NIBA,Nibas,éolien,2004-12-22 00:00:00,12,1,12,1475,2019-12-21 00:00:00,,Non,,FALSE,17700.00026,15980.57166
57,57,NOYE,Noyers Bucamps NOB,éolien,2018-11-01 00:00:00,10,1,10,2659.9998,2033-10-31 00:00:00,,,,FALSE,23352.61101,21841.12571
58,58,PANN,Pannecé (BS),éolien,2009-09-25 00:00:00,10,1,10,2188.88889,2024-09-24 00:00:00,2025-06-30 00:00:00,Oui,2025-12-31 00:00:00,FALSE,20744.83017,19059.97087
59,59,PANV,Pannecé La Vallière,éolien,2010-02-17 00:00:00,8,1,8,2188.88889,2025-02-16 00:00:00,2025-06-30 00:00:00,Oui,2025-12-31 00:00:00,FALSE,18611.6648,17100.05751
60,60,XSAN,Parc du Santerre (XSAN),éolien,2020-09-01 00:00:00,15,1,15,3050.13333,2040-08-31 00:00:00,,,,FALSE,45610.80103,40100.77123
61,61,PDO1,Pays d'Othe 1,éolien,2014-10-29 00:00:00,8,1,8,2328.75012,2029-10-28 00:00:00,,,,FALSE,18443.85906,17022.48183
62,62,SE01,Peyrolles,solaire,2021-10-01 00:00:00,14.66,1,14.66,1512.96044,2041-09-30 00:00:00,,,,FALSE,22798.8,20897.9
63,63,PDBE,Plaine de Beaunay,éolien,2017-09-19 00:00:00,12.5,1,12.5,2264.00008,2032-09-18 00:00:00,,,,FALSE,28469.8,25854.2
64,64,PLAN,Plateau de Langres,éolien,2009-08-12 00:00:00,12,1,12,1551.66667,2024-08-11 00:00:00,2026-07-01 00:00:00,Non,2027-01-01 00:00:00,FALSE,18650.18097,17339.62771
65,65,PDS1,Plateau de Savernat 1,éolien,2016-11-24 00:00:00,12,1,12,2194.875,2031-11-23 00:00:00,,,,FALSE,25359.20671,23581.21224
66,66,PDS2,Plateau de Savernat 2,éolien,2017-05-24 00:00:00,4,1,4,2194.875,2032-05-23 00:00:00,,,,FALSE,8307.43331,7724.97934
67,67,PLOU,Plouguin,éolien,2006-01-30 00:00:00,8,1,8,2317.62487,2021-01-29 00:00:00,2026-06-30 00:00:00,Oui,2026-12-31 00:00:00,FALSE,18541,17400
68,68,KEI3,Repowering Bougainville (BGV-R),éolien,2022-12-01 00:00:00,18,1,14.4,2571,2042-11-30 00:00:00,,,,FALSE,48100,42300
69,69,GO02,Repowering Evit Et Josaphats (EEJ-R),éolien,2022-06-01 00:00:00,14.4,1,11.52,2905,2042-05-31 00:00:00,,,,FALSE,42100,36800
70,70,GO03,Repowering Reclainville (RCL-R),éolien,2022-06-01 00:00:00,14.4,1,11.52,2820,2042-05-31 00:00:00,,,,FALSE,40800,35300
71,71,RON1,Ronchois 1,éolien,2010-08-01 00:00:00,11.6,1,11.6,2116.6667,2025-07-31 00:00:00,2026-06-30 00:00:00,Oui,2026-12-31 00:00:00,FALSE,25493.85482,23686.08361
72,72,RON2,Ronchois 2,éolien,2010-08-01 00:00:00,5.77,1,5.77,2116.6667,2025-07-31 00:00:00,2026-06-30 00:00:00,Oui,2026-12-31 00:00:00,FALSE,12637.26268,11741.1534
73,73,RON3,Ronchois 3,éolien,2010-10-01 00:00:00,11.2,1,11.2,2116.6667,2025-09-30 00:00:00,2026-06-30 00:00:00,Oui,2026-12-31 00:00:00,FALSE,24720.38759,22967.46299
74,74,STAN,Saint André,éolien,2008-04-15 00:00:00,11.5,1,11.5,1765.2173,2023-04-14 00:00:00,2026-06-30 00:00:00,Oui,2026-12-31 00:00:00,FALSE,20727.81876,18991.99157
75,75,AURA19,Saint Christophe - Clé des champs,solaire,2021-11-01 00:00:00,12.53,1,12.53,1413.40782,2041-10-31 00:00:00,,,,FALSE,16572,15191.53828
76,76,SDI1,SdlL1,éolien,2011-08-08 00:00:00,13,1,13,2282.77778,2026-08-07 00:00:00,,,,FALSE,28703.22675,26477.7025
77,77,SDI2,SdlL2,éolien,2011-08-08 00:00:00,5,1,5,2282.77778,2026-08-07 00:00:00,,,,FALSE,14585.65866,13454.74967
78,78,SCRI,Seuil du Cambrésis- Ribecourt (RIB),éolien,2019-12-01 00:00:00,24.15,1,24.15,3080.74534,2034-11-30 00:00:00,,,,FALSE,59438.97815,53675.25773
79,79,SDA1,Sources de l'Ancre 1 ,éolien,2019-01-01 00:00:00,10.9,1,10.9,2575.32468,2033-12-31 00:00:00,,,,FALSE,23891.98643,21371.19785
80,80,SDA2,Sources de l'Ancre 2,éolien,2019-01-01 00:00:00,14.7,1,14.7,2575.32468,2033-12-31 00:00:00,,,,FALSE,32328.32258,28917.43556
81,81,SFR2,St François Roye 2,éolien,2015-02-18 00:00:00,11.4,1,11.4,2283.33333,2030-02-17 00:00:00,,,,FALSE,26849.77041,24935.62492
82,82,SFR3,St François Roye 3,éolien,2015-03-13 00:00:00,11.4,1,11.4,2283.33333,2030-03-12 00:00:00,,,,FALSE,25366.59533,23558.1868
83,83,STGE,St Georges (La Vallée 1),éolien,2013-12-02 00:00:00,4.2,1,4.2,1982.81244,2028-12-01 00:00:00,,,,FALSE,9265.57156,8601.32412
84,84,SPH,St Patrick Hermin,éolien,2010-02-02 00:00:00,11.5,1,11.5,2746.08701,2025-02-01 00:00:00,2026-07-01 00:00:00,Oui,2027-01-01 00:00:00,FALSE,31958.17493,30036.37555
85,85,SPP1,St Patrick Pernois 1,éolien,2009-07-01 00:00:00,9.2,1,9.2,2746.08701,2024-06-30 00:00:00,2026-07-01 00:00:00,Oui,2027-01-01 00:00:00,FALSE,25111.4969,23601.42133
86,86,SPP2,St Patrick Pernois 2,éolien,2009-08-25 00:00:00,9.2,1,9.2,2746.08701,2024-08-24 00:00:00,2026-07-01 00:00:00,Oui,2027-01-01 00:00:00,FALSE,25783.20284,24232.73436
87,87,SPP3,St Patrick Pernois 3,éolien,2009-09-18 00:00:00,4.6,1,4.6,2746.08701,2024-09-17 00:00:00,2026-07-01 00:00:00,Oui,2027-01-01 00:00:00,FALSE,12722.38065,11957.32246
88,88,TOUV,Touvent,éolien,2016-08-01 00:00:00,13.8,1,13.8,2165.21739,2031-07-31 00:00:00,,,,FALSE,30005.07028,27395.93373
89,89,VAM1,Val au Moines 1,éolien,2017-08-18 00:00:00,11.4,1,11.4,2433.333333,2032-08-17 00:00:00,,,,FALSE,24994.54352,22597.80647
90,90,VAM2,Val au Moines 2,éolien,2017-08-18 00:00:00,5.3,1,5.3,2433.333333,2032-08-17 00:00:00,,,,FALSE,11800.55804,10668.99768
91,91,VAA1,Vallée d'Arce 1 (DR),éolien,2009-12-02 00:00:00,13,1,13,2413.33333,2024-12-01 00:00:00,2027-06-30 00:00:00,Oui,2027-12-31 00:00:00,FALSE,29574.73291,27328.03359
92,92,VAA2,Vallée d'Arce 2 (NY),éolien,2009-10-09 00:00:00,6.6,1,6.6,2413.33333,2024-10-08 00:00:00,2027-06-30 00:00:00,Oui,2027-12-31 00:00:00,FALSE,14660.14736,13546.46213
93,93,VAA3,Vallée d'Arce 3 (NU),éolien,2009-10-09 00:00:00,13,1,13,2413.33333,2024-10-08 00:00:00,2027-06-30 00:00:00,Oui,2027-12-31 00:00:00,FALSE,28677.45444,26498.91854
94,94,VDMO,Voie des monts,éolien,2017-07-10 00:00:00,10,1,10,2899.0001,2032-07-09 00:00:00,,,,FALSE,29020.802,26479.2
95,95,VRON,Vron,éolien,2013-09-15 00:00:00,8,1,8,2387.5,2028-09-14 00:00:00,,,,FALSE,19634.8,18195.6
96,96,ZOND,Zondrange,éolien,2016-12-01 00:00:00,12.5,1,12.5,1702.4,2031-11-30 00:00:00,,,,FALSE,21783.06641,19960.04863
97,97,APV1,Agri-PV 1,solaire,2027-09-01 00:00:00,3,0.39398,1.18195,,2047-09-01 00:00:00,,,2027-09-01 00:00:00,TRUE,1553.06916,1345.99327
98,98,APV2,Agri-PV 2,solaire,2027-09-01 00:00:00,3,0.39398,1.18195,,2047-09-01 00:00:00,,,2027-09-01 00:00:00,TRUE,1553.06916,1345.99327
99,99,APV3,Agri-PV 3,solaire,2027-09-01 00:00:00,3,0.39398,1.18195,,2047-09-01 00:00:00,,,2027-09-01 00:00:00,TRUE,1553.06916,1345.99327
100,100,APV4,Agri-PV 4,solaire,2027-09-01 00:00:00,3,0.39398,1.18195,,2047-09-01 00:00:00,,,2027-09-01 00:00:00,TRUE,1553.06916,1345.99327
101,101,APV5,Agri-PV 5,solaire,2027-09-01 00:00:00,3,0.39398,1.18195,,2047-09-01 00:00:00,,,2027-09-01 00:00:00,TRUE,1553.06916,1345.99327
102,102,APV6,Agri-PV 6,solaire,2028-09-01 00:00:00,3,0.39398,1.18195,,2048-09-01 00:00:00,,,2028-09-01 00:00:00,TRUE,1553.06916,1345.99327
103,103,APV7,Agri-PV 7,solaire,2028-09-01 00:00:00,3,0.39398,1.18195,,2048-09-01 00:00:00,,,2028-09-01 00:00:00,TRUE,1553.06916,1345.99327
104,104,APV8,Agri-PV 8,solaire,2028-09-01 00:00:00,3,0.39398,1.18195,,2048-09-01 00:00:00,,,2028-09-01 00:00:00,TRUE,1553.06916,1345.99327
105,105,APV9,Agri-PV 9,solaire,2028-09-01 00:00:00,3,0.39398,1.18195,,2048-09-01 00:00:00,,,2028-09-01 00:00:00,TRUE,1553.06916,1345.99327
106,106,AURA01,Deux-Chaises et le Theil,éolien,2027-10-01 00:00:00,19,0.8,15.2,,2047-10-01 00:00:00,,,2027-10-01 00:00:00,TRUE,33288,26630.4
107,107,AURA02,Massif du Devès,éolien,2025-08-01 00:00:00,14.4,0.89,12.816,,2045-08-01 00:00:00,,,2025-08-01 00:00:00,TRUE,28067.04,22453.632
108,108,AURA03,Chazemais (Les Brandes),éolien,2028-01-01 00:00:00,24,0.8,19.2,,2048-01-01 00:00:00,,,2028-01-01 00:00:00,TRUE,42048,33638.4
109,109,AMI01,AO/AMI 2022-1,solaire,2026-07-01 00:00:00,30,0.49248,14.7744,,2046-07-01 00:00:00,,,2026-07-01 00:00:00,TRUE,19413.5616,16825.08672
110,110,AMI02,AO/AMI 2022-2,solaire,2026-10-01 00:00:00,30,0.49248,14.7744,,2046-10-01 00:00:00,,,2026-10-01 00:00:00,TRUE,19413.5616,16825.08672
111,111,AMI03,AO/AMI 2022-3,solaire,2027-02-01 00:00:00,30,0.39398,11.81952,,2047-02-01 00:00:00,,,2027-02-01 00:00:00,TRUE,15530.6916,13459.93272
112,112,SE14,Argilliers,solaire,2025-07-01 00:00:00,30,0.6156,18.468,,2045-07-01 00:00:00,,,2025-07-01 00:00:00,TRUE,24266.952,21031.3584
113,113,S14,Avignonet Barbette,solaire,2025-05-01 00:00:00,10,0.6156,6.156,,2045-05-01 00:00:00,,,2025-05-01 00:00:00,TRUE,8088.984,7010.4528
114,114,NGE6,Bachant,éolien,2027-04-01 00:00:00,24,0.72,17.28,,2047-04-01 00:00:00,,,2027-04-01 00:00:00,TRUE,37843.2,30274.56
115,115,AURA04,Blomard - BMF,éolien,2028-04-01 00:00:00,20,0.8,16,,2048-04-01 00:00:00,,,2028-04-01 00:00:00,TRUE,35040,28032
116,116,N15,Caumont-Chériennes (CC),éolien,2023-11-01 00:00:00,17.25,1,17.25,,2043-11-01 00:00:00,,,2023-11-01 00:00:00,TRUE,37777.5,30222
117,117,ECO5,Les Cent Mencaudées (SOL),éolien,2024-01-01 00:00:00,15,1,15,,2044-01-01 00:00:00,,,2024-01-01 00:00:00,TRUE,32850,26280
118,118,GE2,Bonnecourt-Chauffourt,éolien,2030-07-01 00:00:00,20.7,0.8,16.56,,2050-07-01 00:00:00,,,2030-07-01 00:00:00,TRUE,36266.4,29013.12
119,119,S13,Bram,solaire,2025-07-01 00:00:00,10,0.6156,6.156,,2045-07-01 00:00:00,,,2025-07-01 00:00:00,TRUE,8088.984,7010.4528
120,120,ECO8,Bois de St-Aubert (WAL)*,éolien,2024-01-01 00:00:00,18,0.89,16.02,,2044-01-01 00:00:00,,,2024-01-01 00:00:00,TRUE,35083.8,28067.04
121,121,GO08,Canville-les-deux-eglises (co-dev KDE),éolien,2027-01-01 00:00:00,20,0.72,14.4,,2047-01-01 00:00:00,,,2027-01-01 00:00:00,TRUE,31536,25228.8
122,122,KEI2,Bois Ricart,éolien,2023-11-01 00:00:00,14,1,14,,2043-11-01 00:00:00,,,2023-11-01 00:00:00,TRUE,30660,24528
123,123,AURA05,Prospection PV AURA - 5,solaire,2026-08-01 00:00:00,10,0.49248,4.9248,,2046-08-01 00:00:00,,,2026-08-01 00:00:00,TRUE,6471.1872,5608.36224
124,124,S09,Extension Avignonet,solaire,2024-03-01 00:00:00,15.4,0.7695,11.8503,,2044-03-01 00:00:00,,,2024-03-01 00:00:00,TRUE,15571.2942,13495.12164
125,125,AURA06,Saint-Angel,éolien,2027-11-01 00:00:00,16,0.72,11.52,,2047-11-01 00:00:00,,,2027-11-01 00:00:00,TRUE,25228.8,20183.04
126,126,AURA08,Forêt de Bauzon,éolien,2027-08-01 00:00:00,28,0.8,22.4,,2047-08-01 00:00:00,,,2027-08-01 00:00:00,TRUE,49056,39244.8
127,127,AURA09,Extension Sources de la Loire,éolien,2026-01-01 00:00:00,12,0.8,9.6,,2046-01-01 00:00:00,,,2026-01-01 00:00:00,TRUE,21024,16819.2
128,128,S15,Crayssac,solaire,2025-12-01 00:00:00,13,0.6156,8.0028,,2045-12-01 00:00:00,,,2025-12-01 00:00:00,TRUE,10515.6792,9113.58864
129,129,AURA10,Sainte-Eulalie,éolien,2028-10-01 00:00:00,16,0.576,9.216,,2048-10-01 00:00:00,,,2028-10-01 00:00:00,TRUE,20183.04,16146.432
130,130,GO15,Marcillé,éolien,2023-08-01 00:00:00,12,1,12,,2043-08-01 00:00:00,,,2023-08-01 00:00:00,TRUE,26280,21024
131,131,SE12,Estézargues (PV),solaire,2025-06-01 00:00:00,15,0.6156,9.234,,2045-06-01 00:00:00,,,2025-06-01 00:00:00,TRUE,12133.476,10515.6792
132,132,N16,Moulin Blanc,éolien,2024-03-01 00:00:00,25.6,1,25.6,,2044-03-01 00:00:00,,,2024-03-01 00:00:00,TRUE,56064,44851.2
133,133,N12,Extension Fortel (XFB-62),éolien,2025-12-01 00:00:00,18,0.8,14.4,,2045-12-01 00:00:00,,,2025-12-01 00:00:00,TRUE,31536,25228.8
134,134,GO21,Extension Grand Camp,éolien,2026-07-01 00:00:00,12,0.72,8.64,,2046-07-01 00:00:00,,,2026-07-01 00:00:00,TRUE,18921.6,15137.28
135,135,ECO7,Extension La Chaussée Brunehaut (XLCB),éolien,2027-10-01 00:00:00,6.6,0.8,5.28,,2047-10-01 00:00:00,,,2027-10-01 00:00:00,TRUE,11563.2,9250.56
136,136,GO27,Extension Plaine de Beaunay,éolien,2026-11-01 00:00:00,20,0.72,14.4,,2046-11-01 00:00:00,,,2026-11-01 00:00:00,TRUE,31536,25228.8
137,137,AURA13,Prospection PV MC - 3,solaire,2026-07-01 00:00:00,10,0.49248,4.9248,,2046-07-01 00:00:00,,,2026-07-01 00:00:00,TRUE,6471.1872,5608.36224
138,138,N2,Febvin-Palfart Fiefs (FPF),éolien,2027-04-01 00:00:00,11.5,0.89,10.235,,2047-04-01 00:00:00,,,2027-04-01 00:00:00,TRUE,22414.65,17931.72
139,139,EC2,Fermes de Septenville (BOC),éolien,2027-04-01 00:00:00,13.8,0.8,11.04,,2047-04-01 00:00:00,,,2027-04-01 00:00:00,TRUE,24177.6,19342.08
140,140,GO11,FEVA (Co-Dev Nordex),éolien,2026-11-01 00:00:00,10,0.72,7.2,,2046-11-01 00:00:00,,,2026-11-01 00:00:00,TRUE,15768,12614.4
141,141,S18,Fond de plaine (Repowering),éolien,2025-11-01 00:00:00,6,0.72,4.32,,2045-11-01 00:00:00,,,2025-11-01 00:00:00,TRUE,9460.8,7568.64
142,142,GE1,Eparmonts-Repowering,éolien,2024-05-01 00:00:00,13.2,1,13.2,,2044-05-01 00:00:00,,,2024-05-01 00:00:00,TRUE,28908,23126.4
143,143,AURA14,Coucouron (Laoune),solaire,2025-01-01 00:00:00,10,0.7695,7.695,,2045-01-01 00:00:00,,,2025-01-01 00:00:00,TRUE,10111.23,8763.066
144,144,N1,Helfaut (SSO),éolien,2024-06-01 00:00:00,20,0.89,17.8,,2044-06-01 00:00:00,,,2024-06-01 00:00:00,TRUE,38982,31185.6
145,145,AURA15,Trizac,éolien,2026-08-01 00:00:00,48,0.89,42.72,,2046-08-01 00:00:00,,,2026-08-01 00:00:00,TRUE,93556.8,74845.44
146,146,SE09,Heintz (PV),solaire,2025-12-01 00:00:00,25,0.6156,15.39,,2045-12-01 00:00:00,,,2025-12-01 00:00:00,TRUE,20222.46,17526.132
147,147,NGE1,Repowering Boulay,éolien,2024-08-01 00:00:00,14,0.8,11.2,,2044-08-01 00:00:00,,,2024-08-01 00:00:00,TRUE,24528,19622.4
148,148,GO32,Igoville Lafarge,solaire,2026-01-01 00:00:00,15,0.6156,9.234,,2046-01-01 00:00:00,,,2026-01-01 00:00:00,TRUE,12133.476,10515.6792
149,149,B3,baurèch,solaire,2026-06-01 00:00:00,10,0.49248,4.9248,,2046-06-01 00:00:00,,,2026-06-01 00:00:00,TRUE,6471.1872,5608.36224
150,150,AURA16,Cézens,éolien,2027-11-01 00:00:00,24,0.8,19.2,,2047-11-01 00:00:00,,,2027-11-01 00:00:00,TRUE,42048,33638.4
151,151,N10,Le Moulin d'Hestrus (LMH-62),éolien,2025-12-01 00:00:00,12,0.8,9.6,,2045-12-01 00:00:00,,,2025-12-01 00:00:00,TRUE,21024,16819.2
152,152,AURA17,Saint-Cernin,éolien,2029-05-01 00:00:00,15,0.72,10.8,,2049-05-01 00:00:00,,,2029-05-01 00:00:00,TRUE,23652,18921.6
153,153,ECO4,Mont de Bagny II (XMB),éolien,2024-11-01 00:00:00,15,0.89,13.35,,2044-11-01 00:00:00,,,2024-11-01 00:00:00,TRUE,29236.5,23389.2
154,154,GO22,Les Moulins du Lohan ,éolien,2023-05-01 00:00:00,64.6,1,64.6,,2043-05-01 00:00:00,,,2023-05-01 00:00:00,TRUE,141474,113179.2
155,155,SE07,Mazagran,solaire,2024-09-01 00:00:00,106,0.7695,81.567,,2044-09-01 00:00:00,,,2024-09-01 00:00:00,TRUE,107179.038,92888.4996
156,156,S12,Mas Saintes-Puelles,solaire,2026-01-01 00:00:00,10,0.6156,6.156,,2046-01-01 00:00:00,,,2026-01-01 00:00:00,TRUE,8088.984,7010.4528
157,157,SE11,Cruis,solaire,2024-12-01 00:00:00,14.81,0.855,12.66255,,2044-12-01 00:00:00,,,2024-12-01 00:00:00,TRUE,16638.5907,14420.11194
158,158,ECO9,Seuil du Cambrésis (RIB2),éolien,2024-12-01 00:00:00,19.8,0.599,11.8602,,2044-12-01 00:00:00,,,2024-12-01 00:00:00,TRUE,25973.838,20779.0704
159,159,EC1,Frégicourt (COM),éolien,2025-02-01 00:00:00,16,0.8,12.8,,2045-02-01 00:00:00,,,2025-02-01 00:00:00,TRUE,28032,22425.6
160,160,S11,Miremont,solaire,2027-03-01 00:00:00,10,0.7695,7.695,,2047-03-01 00:00:00,,,2027-03-01 00:00:00,TRUE,10111.23,8763.066
161,161,GE3,Vallée de l'Arce Extension,éolien,2024-11-01 00:00:00,36,0.8,28.8,,2044-11-01 00:00:00,,,2024-11-01 00:00:00,TRUE,63072,50457.6
162,162,SE10,Montagne d'Aureille,éolien,2027-12-01 00:00:00,18,0.8,14.4,,2047-12-01 00:00:00,,,2027-12-01 00:00:00,TRUE,31536,25228.8
163,163,AURA22,Chazottes / Rageade,éolien,2024-11-01 00:00:00,32,0.8,25.6,,2044-11-01 00:00:00,,,2024-11-01 00:00:00,TRUE,56064,44851.2
164,164,NGE7,Neuvilly-Briastre,éolien,2026-09-01 00:00:00,16,0.72,11.52,,2046-09-01 00:00:00,,,2026-09-01 00:00:00,TRUE,25228.8,20183.04
165,165,GO13,Bois Désiré,éolien,2025-02-01 00:00:00,10,0.89,8.9,,2045-02-01 00:00:00,,,2025-02-01 00:00:00,TRUE,19491,15592.8
166,166,N4,Ouest Château-Thierry (OCT)*,éolien,2027-01-01 00:00:00,20.7,0.89,18.423,,2047-01-01 00:00:00,,,2027-01-01 00:00:00,TRUE,40346.37,32277.096
167,167,N8,Ouest Vron (OVron),éolien,2025-08-01 00:00:00,33.6,0.8,26.88,,2045-08-01 00:00:00,,,2025-08-01 00:00:00,TRUE,58867.2,47093.76
168,168,SE19,Pézènes-les-Mines,solaire,2023-03-01 00:00:00,16,1,16,,2043-03-01 00:00:00,,,2023-03-01 00:00:00,TRUE,21024,18220.8
169,169,B6,Plaisance,solaire,2026-01-01 00:00:00,20,0.6156,12.312,,2046-01-01 00:00:00,,,2026-01-01 00:00:00,TRUE,16177.968,14020.9056
170,170,AURA24,Mercoeur,éolien,2025-02-01 00:00:00,35.2,0.89,31.328,,2045-02-01 00:00:00,,,2025-02-01 00:00:00,TRUE,68608.32,54886.656
171,171,N3,Fontaine-lès-Boulans (FLB),éolien,2025-04-01 00:00:00,20.7,0.89,18.423,,2045-04-01 00:00:00,,,2025-04-01 00:00:00,TRUE,40346.37,32277.096
172,172,AURA26,Astet (La Verrerie),éolien,2027-10-01 00:00:00,20,0.72,14.4,,2047-10-01 00:00:00,,,2027-10-01 00:00:00,TRUE,31536,25228.8
173,173,AURA27,Lespéron (La Fayette),éolien,2027-08-01 00:00:00,20,0.72,14.4,,2047-08-01 00:00:00,,,2027-08-01 00:00:00,TRUE,31536,25228.8
174,174,GO16,Préveranges,éolien,2023-03-01 00:00:00,12,1,12,,2043-03-01 00:00:00,,,2023-03-01 00:00:00,TRUE,26280,21024
175,175,SO18,Chantillac,solaire,2026-04-01 00:00:00,25,0.6156,15.39,,2046-04-01 00:00:00,,,2026-04-01 00:00:00,TRUE,20222.46,17526.132
176,176,SO19,Prospection AK 2,solaire,2026-12-01 00:00:00,10,0.49248,4.9248,,2046-12-01 00:00:00,,,2026-12-01 00:00:00,TRUE,6471.1872,5608.36224
177,177,SO20,Prospection AK 3,solaire,2027-05-01 00:00:00,10,0.39398,3.93984,,2047-05-01 00:00:00,,,2027-05-01 00:00:00,TRUE,5176.8972,4486.64424
178,178,SO28,Prospection AK 4,solaire,2027-08-01 00:00:00,10,0.39398,3.93984,,2047-08-01 00:00:00,,,2027-08-01 00:00:00,TRUE,5176.8972,4486.64424
179,179,SO29,Prospection AK 5,solaire,2027-02-01 00:00:00,10,0.39398,3.93984,,2047-02-01 00:00:00,,,2027-02-01 00:00:00,TRUE,5176.8972,4486.64424
180,180,GO29,Prospection EOL GO 2022,éolien,2028-07-01 00:00:00,20,0.576,11.52,,2048-07-01 00:00:00,,,2028-07-01 00:00:00,TRUE,25228.8,20183.04
181,181,GO07,Prospection EOL Ouest 2022/2023 - 1 -,éolien,2028-12-01 00:00:00,16,0.4608,7.3728,,2048-12-01 00:00:00,,,2028-12-01 00:00:00,TRUE,16146.432,12917.1456
182,182,GO24,Prospection EOL Ouest 2022/2023 - 2 -,éolien,2028-10-01 00:00:00,16,0.576,9.216,,2048-10-01 00:00:00,,,2028-10-01 00:00:00,TRUE,20183.04,16146.432
183,183,GO39,Prospection EOL Ouest 2022/2023 - 3 -,éolien,2029-03-01 00:00:00,16,0.4608,7.3728,,2049-03-01 00:00:00,,,2029-03-01 00:00:00,TRUE,16146.432,12917.1456
184,184,GO40,Prospection EOL Ouest 2022/2023 - 4 -,éolien,2029-06-01 00:00:00,16,0.4608,7.3728,,2049-06-01 00:00:00,,,2029-06-01 00:00:00,TRUE,16146.432,12917.1456
185,185,AURA29,Prospection PV MC - 1,solaire,2026-05-01 00:00:00,10,0.6156,6.156,,2046-05-01 00:00:00,,,2026-05-01 00:00:00,TRUE,8088.984,7010.4528
186,186,SO15,prospection éolien Bdx,éolien,2028-11-01 00:00:00,16,0.576,9.216,,2048-11-01 00:00:00,,,2028-11-01 00:00:00,TRUE,20183.04,16146.432
187,187,B9,Prospection Eolien Bdx 8,éolien,2028-07-01 00:00:00,16,0.576,9.216,,2048-07-01 00:00:00,,,2028-07-01 00:00:00,TRUE,20183.04,16146.432
188,188,AURA31,Orléat,solaire,2025-12-01 00:00:00,20,0.6156,12.312,,2045-12-01 00:00:00,,,2025-12-01 00:00:00,TRUE,16177.968,14020.9056
189,189,AURA34,Repowering La Citadelle,éolien,2026-12-01 00:00:00,15.8,0.72,11.376,,2046-12-01 00:00:00,,,2026-12-01 00:00:00,TRUE,24913.44,19930.752
190,190,AURA35,Repowering Ally Mercoeur,éolien,2026-08-01 00:00:00,100.8,0.72,72.576,,2046-08-01 00:00:00,,,2026-08-01 00:00:00,TRUE,158941.44,127153.152
191,191,AURA36,Repowering Sources de la Loire,éolien,2027-12-01 00:00:00,24,0.72,17.28,,2047-12-01 00:00:00,,,2027-12-01 00:00:00,TRUE,37843.2,30274.56
192,192,AURA38,Montilly,solaire,2026-01-01 00:00:00,10,0.6156,6.156,,2046-01-01 00:00:00,,,2026-01-01 00:00:00,TRUE,8088.984,7010.4528
193,193,AURA39,Prospection PV AURA - 6,solaire,2026-11-01 00:00:00,10,0.49248,4.9248,,2046-11-01 00:00:00,,,2026-11-01 00:00:00,TRUE,6471.1872,5608.36224
194,194,B8,Prospection éolien MPL,éolien,2029-07-01 00:00:00,16,0.576,9.216,,2049-07-01 00:00:00,,,2029-07-01 00:00:00,TRUE,20183.04,16146.432
195,195,NGE10,Prospection NGE 10,éolien,2029-03-01 00:00:00,16,0.4608,7.3728,,2049-03-01 00:00:00,,,2029-03-01 00:00:00,TRUE,16146.432,12917.1456
196,196,NGE12,Prospection NGE 12 (PV),solaire,2027-01-01 00:00:00,10,0.39398,3.93984,,2047-01-01 00:00:00,,,2027-01-01 00:00:00,TRUE,5176.8972,4486.64424
197,197,NGE13,Prospection NGE 13,éolien,2026-11-01 00:00:00,16,0.599,9.584,,2046-11-01 00:00:00,,,2026-11-01 00:00:00,TRUE,20988.96,16791.168
198,198,NGE14,Prospection NGE 14 (PV),solaire,2026-08-01 00:00:00,10,0.49248,4.9248,,2046-08-01 00:00:00,,,2026-08-01 00:00:00,TRUE,6471.1872,5608.36224
199,199,NGE15,Prospection NGE 15 (PV),solaire,2026-10-01 00:00:00,10,0.49248,4.9248,,2046-10-01 00:00:00,,,2026-10-01 00:00:00,TRUE,6471.1872,5608.36224
200,200,NGE16,Prospection NGE 16 (PV),solaire,2026-12-01 00:00:00,10,0.49248,4.9248,,2046-12-01 00:00:00,,,2026-12-01 00:00:00,TRUE,6471.1872,5608.36224
201,201,NGE17,Prospection NGE 17 (PV),solaire,2027-01-01 00:00:00,10,0.49248,4.9248,,2047-01-01 00:00:00,,,2027-01-01 00:00:00,TRUE,6471.1872,5608.36224
202,202,NGE18,Prospection NGE 18,éolien,2028-08-01 00:00:00,16,0.576,9.216,,2048-08-01 00:00:00,,,2028-08-01 00:00:00,TRUE,20183.04,16146.432
203,203,NGE2,Prospection NGE 2 (PV),solaire,2026-09-01 00:00:00,10,0.49248,4.9248,,2046-09-01 00:00:00,,,2026-09-01 00:00:00,TRUE,6471.1872,5608.36224
204,204,NGE22,Prospection NGE 22 (PV),solaire,2027-06-01 00:00:00,10,0.39398,3.93984,,2047-06-01 00:00:00,,,2027-06-01 00:00:00,TRUE,5176.8972,4486.64424
205,205,NGE23,Prospection NGE 23 (PV),solaire,2027-06-01 00:00:00,10,0.39398,3.93984,,2047-06-01 00:00:00,,,2027-06-01 00:00:00,TRUE,5176.8972,4486.64424
206,206,NGE4,Prospection NGE 4 (PV),solaire,2027-02-01 00:00:00,10,0.39398,3.93984,,2047-02-01 00:00:00,,,2027-02-01 00:00:00,TRUE,5176.8972,4486.64424
207,207,NGE5,Prospection NGE 5,éolien,2028-04-01 00:00:00,16,0.576,9.216,,2048-04-01 00:00:00,,,2028-04-01 00:00:00,TRUE,20183.04,16146.432
208,208,NGE20,Prospection NGE20,éolien,2029-03-01 00:00:00,16,0.4608,7.3728,,2049-03-01 00:00:00,,,2029-03-01 00:00:00,TRUE,16146.432,12917.1456
209,209,NGE21,Prospection NGE21,éolien,2029-03-01 00:00:00,16,0.4608,7.3728,,2049-03-01 00:00:00,,,2029-03-01 00:00:00,TRUE,16146.432,12917.1456
210,210,GO06,Prospection PV 2022 (Igoville Commune),solaire,2026-07-01 00:00:00,15,0.49248,7.3872,,2046-07-01 00:00:00,,,2026-07-01 00:00:00,TRUE,9706.7808,8412.54336
211,211,AURA40,Prospection PV MC - 2,solaire,2027-02-01 00:00:00,10,0.39398,3.93984,,2047-02-01 00:00:00,,,2027-02-01 00:00:00,TRUE,5176.8972,4486.64424
212,212,AURA43,Prospection éolien AURA - 1,éolien,2028-12-01 00:00:00,16,0.576,9.216,,2048-12-01 00:00:00,,,2028-12-01 00:00:00,TRUE,20183.04,16146.432
213,213,AURA44,Prospection éolien MC - 2,éolien,2028-10-01 00:00:00,16,0.576,9.216,,2048-10-01 00:00:00,,,2028-10-01 00:00:00,TRUE,20183.04,16146.432
214,214,AURA45,Prospection PV MC - 4,solaire,2026-11-01 00:00:00,10,0.49248,4.9248,,2046-11-01 00:00:00,,,2026-11-01 00:00:00,TRUE,6471.1872,5608.36224
215,215,AURA46,Prospection éolien MC - 3,éolien,2028-07-01 00:00:00,16,0.576,9.216,,2048-07-01 00:00:00,,,2028-07-01 00:00:00,TRUE,20183.04,16146.432
216,216,AURA47,Agri-PV AURA -1,solaire,2026-12-01 00:00:00,3,0.49248,1.47744,,2046-12-01 00:00:00,,,2026-12-01 00:00:00,TRUE,1941.35616,1682.50867
217,217,AURA48,Agri-PV AURA -2,solaire,2027-05-01 00:00:00,3,0.39398,1.18195,,2047-05-01 00:00:00,,,2027-05-01 00:00:00,TRUE,1553.06916,1345.99327
218,218,BFC01,Clérimois II,éolien,2027-06-01 00:00:00,24,0.72,17.28,,2047-06-01 00:00:00,,,2027-06-01 00:00:00,TRUE,37843.2,30274.56
219,219,BFC02,Prospection éolien BFC - 1,éolien,2028-09-01 00:00:00,16,0.576,9.216,,2048-09-01 00:00:00,,,2028-09-01 00:00:00,TRUE,20183.04,16146.432
220,220,GO12,Prospection PV GO 2022 - 3 - ,solaire,2027-01-01 00:00:00,15,0.49248,7.3872,,2047-01-01 00:00:00,,,2027-01-01 00:00:00,TRUE,9706.7808,8412.54336
221,221,BFC03,Gurgy (Nouzeau),solaire,2025-07-01 00:00:00,25,0.6156,15.39,,2045-07-01 00:00:00,,,2025-07-01 00:00:00,TRUE,20222.46,17526.132
222,222,BFC04,Rosoy (Plaine de Nange),solaire,2024-03-01 00:00:00,28,0.7695,21.546,,2044-03-01 00:00:00,,,2024-03-01 00:00:00,TRUE,28311.444,24536.5848
223,223,BFC05,Villemanoche CEMEX (La Herse),solaire,2025-04-01 00:00:00,30,0.6156,18.468,,2045-04-01 00:00:00,,,2025-04-01 00:00:00,TRUE,24266.952,21031.3584
224,224,BFC06,Prospection éolien BFC - 2,éolien,2028-06-01 00:00:00,16,0.576,9.216,,2048-06-01 00:00:00,,,2028-06-01 00:00:00,TRUE,20183.04,16146.432
225,225,GO30,Prospection PV Ouest - 1 -,solaire,2027-03-01 00:00:00,15,0.39398,5.90976,,2047-03-01 00:00:00,,,2027-03-01 00:00:00,TRUE,7765.3458,6729.96636
226,226,GO34,Prospection PV Ouest - 2 -,solaire,2027-05-01 00:00:00,15,0.39398,5.90976,,2047-05-01 00:00:00,,,2027-05-01 00:00:00,TRUE,7765.3458,6729.96636
227,227,GO35,Prospection PV Ouest - 3 -,solaire,2027-06-01 00:00:00,15,0.39398,5.90976,,2047-06-01 00:00:00,,,2027-06-01 00:00:00,TRUE,7765.3458,6729.96636
228,228,GO36,Prospection PV Ouest - 4 -,solaire,2027-07-01 00:00:00,15,0.39398,5.90976,,2047-07-01 00:00:00,,,2027-07-01 00:00:00,TRUE,7765.3458,6729.96636
229,229,GO37,Prospection PV Ouest - 5 -,solaire,2027-10-01 00:00:00,15,0.39398,5.90976,,2047-10-01 00:00:00,,,2027-10-01 00:00:00,TRUE,7765.3458,6729.96636
230,230,GO38,Prospection PV Ouest - 6 -,solaire,2027-11-01 00:00:00,15,0.39398,5.90976,,2047-11-01 00:00:00,,,2027-11-01 00:00:00,TRUE,7765.3458,6729.96636
231,231,S01,Prospection S 1,solaire,2027-02-01 00:00:00,10,0.39398,3.93984,,2047-02-01 00:00:00,,,2027-02-01 00:00:00,TRUE,5176.8972,4486.64424
232,232,S02,Prospection S 2,solaire,2027-09-01 00:00:00,10,0.39398,3.93984,,2047-09-01 00:00:00,,,2027-09-01 00:00:00,TRUE,5176.8972,4486.64424
233,233,S03,Prospection S 3,solaire,2026-10-01 00:00:00,10,0.39398,3.93984,,2046-10-01 00:00:00,,,2026-10-01 00:00:00,TRUE,5176.8972,4486.64424
234,234,S04,Prospection S 4,solaire,2027-03-01 00:00:00,10,0.39398,3.93984,,2047-03-01 00:00:00,,,2027-03-01 00:00:00,TRUE,5176.8972,4486.64424
235,235,S05,Prospection S 5,solaire,2027-05-01 00:00:00,10,0.39398,3.93984,,2047-05-01 00:00:00,,,2027-05-01 00:00:00,TRUE,5176.8972,4486.64424
236,236,S20,Prospection S20,solaire,2027-08-01 00:00:00,10,0.39398,3.93984,,2047-08-01 00:00:00,,,2027-08-01 00:00:00,TRUE,5176.8972,4486.64424
237,237,S21,Prospection S21,solaire,2027-01-01 00:00:00,10,0.39398,3.93984,,2047-01-01 00:00:00,,,2027-01-01 00:00:00,TRUE,5176.8972,4486.64424
238,238,S22,Prospection S22,solaire,2027-05-01 00:00:00,10,0.49248,4.9248,,2047-05-01 00:00:00,,,2027-05-01 00:00:00,TRUE,6471.1872,5608.36224
239,239,S23,Prospection S23,solaire,2027-08-01 00:00:00,10,0.39398,3.93984,,2047-08-01 00:00:00,,,2027-08-01 00:00:00,TRUE,5176.8972,4486.64424
240,240,S24,Prospection S24,solaire,2028-05-01 00:00:00,10,0.39398,3.93984,,2048-05-01 00:00:00,,,2028-05-01 00:00:00,TRUE,5176.8972,4486.64424
241,241,S25,Prospection S25,solaire,2028-02-01 00:00:00,10,0.39398,3.93984,,2048-02-01 00:00:00,,,2028-02-01 00:00:00,TRUE,5176.8972,4486.64424
242,242,S26,Prospection S26,solaire,2027-10-01 00:00:00,10,0.39398,3.93984,,2047-10-01 00:00:00,,,2027-10-01 00:00:00,TRUE,5176.8972,4486.64424
243,243,S27,Prospection S27,solaire,2028-01-01 00:00:00,10,0.39398,3.93984,,2048-01-01 00:00:00,,,2028-01-01 00:00:00,TRUE,5176.8972,4486.64424
244,244,S06,Prospection S6,solaire,2027-05-01 00:00:00,10,0.39398,3.93984,,2047-05-01 00:00:00,,,2027-05-01 00:00:00,TRUE,5176.8972,4486.64424
245,245,S07,Prospection S7,solaire,2027-04-01 00:00:00,10,0.39398,3.93984,,2047-04-01 00:00:00,,,2027-04-01 00:00:00,TRUE,5176.8972,4486.64424
246,246,S08,Prospection S8,solaire,2027-02-01 00:00:00,10,0.39398,3.93984,,2047-02-01 00:00:00,,,2027-02-01 00:00:00,TRUE,5176.8972,4486.64424
247,247,S19,Prospection S-O 11,solaire,2027-09-01 00:00:00,10,0.39398,3.93984,,2047-09-01 00:00:00,,,2027-09-01 00:00:00,TRUE,5176.8972,4486.64424
248,248,S16,Prospection S-O 7 (PV),solaire,2027-06-01 00:00:00,10,0.39398,3.93984,,2047-06-01 00:00:00,,,2027-06-01 00:00:00,TRUE,5176.8972,4486.64424
249,249,S17,Prospection S-O 8 (PV),solaire,2026-09-01 00:00:00,10,0.49248,4.9248,,2046-09-01 00:00:00,,,2026-09-01 00:00:00,TRUE,6471.1872,5608.36224
250,250,S10,Prospection S-O 9 (PV),solaire,2026-07-01 00:00:00,10,0.49248,4.9248,,2046-07-01 00:00:00,,,2026-07-01 00:00:00,TRUE,6471.1872,5608.36224
251,251,B4,Jean-Grégoire / folles,solaire,2026-08-01 00:00:00,10,0.49248,4.9248,,2046-08-01 00:00:00,,,2026-08-01 00:00:00,TRUE,6471.1872,5608.36224
252,252,B11,Prospection solaire Bdx 9,solaire,2026-07-01 00:00:00,10,0.49248,4.9248,,2046-07-01 00:00:00,,,2026-07-01 00:00:00,TRUE,6471.1872,5608.36224
253,253,B7,Prospection Solaire MPL,solaire,2026-11-01 00:00:00,10,0.49248,4.9248,,2046-11-01 00:00:00,,,2026-11-01 00:00:00,TRUE,6471.1872,5608.36224
254,254,B2,prospection solaire Nantes,solaire,2026-11-01 00:00:00,10,0.49248,4.9248,,2046-11-01 00:00:00,,,2026-11-01 00:00:00,TRUE,6471.1872,5608.36224
255,255,B10,Prospection solaire Nantes 2,solaire,2026-07-01 00:00:00,10,0.49248,4.9248,,2046-07-01 00:00:00,,,2026-07-01 00:00:00,TRUE,6471.1872,5608.36224
256,256,SE18,Prospection sud-est 10 (PV),solaire,2026-12-01 00:00:00,10,0.49248,4.9248,,2046-12-01 00:00:00,,,2026-12-01 00:00:00,TRUE,6471.1872,5608.36224
257,257,SE08,Prospection sud-est 3 (PV),solaire,2026-11-01 00:00:00,10,0.49248,4.9248,,2046-11-01 00:00:00,,,2026-11-01 00:00:00,TRUE,6471.1872,5608.36224
258,258,SE16,Prospection sud-est 8 (PV) - Le Luc / Pujaut / Villeneuve,solaire,2026-11-01 00:00:00,6,0.49248,2.95488,,2046-11-01 00:00:00,,,2026-11-01 00:00:00,TRUE,3882.71232,3365.01734
259,259,SE17,Prospection sud-est 9 (PV) - Riez / prospect ,solaire,2026-06-01 00:00:00,6,0.49248,2.95488,,2046-06-01 00:00:00,,,2026-06-01 00:00:00,TRUE,3882.71232,3365.01734
260,260,GO17,Prospection TL EOL 49/72,éolien,2028-02-01 00:00:00,19,0.576,10.944,,2048-02-01 00:00:00,,,2028-02-01 00:00:00,TRUE,23967.36,19173.888
261,261,GO09,Prospection TL PV 2022,solaire,2026-10-01 00:00:00,15,0.49248,7.3872,,2046-10-01 00:00:00,,,2026-10-01 00:00:00,TRUE,9706.7808,8412.54336
262,262,GE6,Vinets,éolien,2026-05-01 00:00:00,40,0.8,32,,2046-05-01 00:00:00,,,2026-05-01 00:00:00,TRUE,70080,56064
263,263,ECO6,Ostrevent (OST),éolien,2026-03-01 00:00:00,19.8,0.89,17.622,,2046-03-01 00:00:00,,,2026-03-01 00:00:00,TRUE,38592.18,30873.744
264,264,NGE3,Repowering Chasse Marée,éolien,2026-12-01 00:00:00,13.2,0.72,9.504,,2046-12-01 00:00:00,,,2026-12-01 00:00:00,TRUE,20813.76,16651.008
265,265,BFC07,Prospection PV BFC - 3,solaire,2026-11-01 00:00:00,10,0.49248,4.9248,,2046-11-01 00:00:00,,,2026-11-01 00:00:00,TRUE,6471.1872,5608.36224
266,266,KEI4,Repowering Mont de Bézard II,éolien,2023-02-01 00:00:00,25.2,1,25.2,,2043-02-01 00:00:00,,,2023-02-01 00:00:00,TRUE,55188,44150.4
267,267,GO26,Repowering Pannecé,éolien,2025-10-01 00:00:00,30,0.72,21.6,,2045-10-01 00:00:00,,,2025-10-01 00:00:00,TRUE,47304,37843.2
268,268,GO25,Repowering Plouguin,éolien,2027-07-01 00:00:00,9,0.576,5.184,,2047-07-01 00:00:00,,,2027-07-01 00:00:00,TRUE,11352.96,9082.368
269,269,BFC08,Prospection PV BFC - 1,solaire,2026-10-01 00:00:00,10,0.49248,4.9248,,2046-10-01 00:00:00,,,2026-10-01 00:00:00,TRUE,6471.1872,5608.36224
270,270,BFC09,Prospection PV BFC - 2,solaire,2026-11-01 00:00:00,10,0.49248,4.9248,,2046-11-01 00:00:00,,,2026-11-01 00:00:00,TRUE,6471.1872,5608.36224
271,271,NGE8,Repowering St-André,éolien,2025-05-01 00:00:00,17.5,0.8,14,,2045-05-01 00:00:00,,,2025-05-01 00:00:00,TRUE,30660,24528
272,272,NGE11,Repowering St-Patrick Hermin,éolien,2026-12-01 00:00:00,16,0.72,11.52,,2046-12-01 00:00:00,,,2026-12-01 00:00:00,TRUE,25228.8,20183.04
273,273,BFC10,Prospection PV BFC - 4,solaire,2027-03-01 00:00:00,10,0.49248,4.9248,,2047-03-01 00:00:00,,,2027-03-01 00:00:00,TRUE,6471.1872,5608.36224
274,274,GO18,Repowering Vaux des Roques,éolien,2027-01-01 00:00:00,13.8,0.72,9.936,,2047-01-01 00:00:00,,,2027-01-01 00:00:00,TRUE,21759.84,17407.872
275,275,SE04,La Motte (PV) ,solaire,2024-10-01 00:00:00,9.2,0.7695,7.0794,,2044-10-01 00:00:00,,,2024-10-01 00:00:00,TRUE,9302.3316,8062.02072
276,276,BFC11,Prospection PV BFC - 5,solaire,2027-01-01 00:00:00,10,0.39398,3.93984,,2047-01-01 00:00:00,,,2027-01-01 00:00:00,TRUE,5176.8972,4486.64424
277,277,BFC12,Prospection éolien BFC - 3,éolien,2028-12-01 00:00:00,16,0.4608,7.3728,,2048-12-01 00:00:00,,,2028-12-01 00:00:00,TRUE,16146.432,12917.1456
278,278,BFC13,Prospection PV BFC - 3,solaire,2027-05-01 00:00:00,10,0.39398,3.93984,,2047-05-01 00:00:00,,,2027-05-01 00:00:00,TRUE,5176.8972,4486.64424
279,279,GO33,Saint-Evroult-de-Monfort,éolien,2027-08-01 00:00:00,16,0.72,11.52,,2047-08-01 00:00:00,,,2027-08-01 00:00:00,TRUE,25228.8,20183.04
280,280,GO05,Prospection EOL/PV,éolien,2028-12-01 00:00:00,16,0.4608,7.3728,,2048-12-01 00:00:00,,,2028-12-01 00:00:00,TRUE,16146.432,12917.1456
281,281,GO28,SEIDER (CRI ou HEU2),éolien,2027-11-01 00:00:00,16,0.576,9.216,,2047-11-01 00:00:00,,,2027-11-01 00:00:00,TRUE,20183.04,16146.432
282,282,BFC14,Prospection éolien BFC - 4,éolien,2029-06-01 00:00:00,16,0.4608,7.3728,,2049-06-01 00:00:00,,,2029-06-01 00:00:00,TRUE,16146.432,12917.1456
283,283,GO04,Silfiac,éolien,2025-10-01 00:00:00,12,0.8,9.6,,2045-10-01 00:00:00,,,2025-10-01 00:00:00,TRUE,21024,16819.2
284,284,SO13,Chauvigny,solaire,2026-04-01 00:00:00,8,0.6156,4.9248,,2046-04-01 00:00:00,,,2026-04-01 00:00:00,TRUE,6471.1872,5608.36224
285,285,SO09,St Christoly de Blaye,solaire,2025-01-01 00:00:00,8,0.6156,4.9248,,2045-01-01 00:00:00,,,2025-01-01 00:00:00,TRUE,6471.1872,5608.36224
286,286,GO19,Repowering Ronchois,éolien,2027-02-01 00:00:00,54,0.72,38.88,,2047-02-01 00:00:00,,,2027-02-01 00:00:00,TRUE,85147.2,68117.76
287,287,SO21,Task solaire SO 1,solaire,2027-05-01 00:00:00,10,0.39398,3.93984,,2047-05-01 00:00:00,,,2027-05-01 00:00:00,TRUE,5176.8972,4486.64424
288,288,SO22,Task solaire SO 2,solaire,2027-08-01 00:00:00,10,0.39398,3.93984,,2047-08-01 00:00:00,,,2027-08-01 00:00:00,TRUE,5176.8972,4486.64424
289,289,SO14,Bruyeres - Glenic,éolien,2026-11-01 00:00:00,15,0.8,12,,2046-11-01 00:00:00,,,2026-11-01 00:00:00,TRUE,26280,21024
290,290,GO10,Repowering Grand-Camp ,éolien,2025-03-01 00:00:00,12,0.8,9.6,,2045-03-01 00:00:00,,,2025-03-01 00:00:00,TRUE,21024,16819.2
291,291,BFC15,Prospection PV BFC - 6,solaire,2027-09-01 00:00:00,10,0.39398,3.93984,,2047-09-01 00:00:00,,,2027-09-01 00:00:00,TRUE,5176.8972,4486.64424
292,292,NGE9,Repowering St-Patrick Valhuon,éolien,2027-04-01 00:00:00,39,0.576,22.464,,2047-04-01 00:00:00,,,2027-04-01 00:00:00,TRUE,49196.16,39356.928
293,293,NGE19,XLCB 2,éolien,2027-08-01 00:00:00,9.9,0.72,7.128,,2047-08-01 00:00:00,,,2027-08-01 00:00:00,TRUE,15610.32,12488.256